{"cameraMode":{"drawMode":0,"name":"Shaded","section":"Shading Mode"},"sceneLighting":false,"audioPlay":false,"sceneViewState":{"showFog":true,"showMaterialUpdate":false,"showSkybox":true,"showFlares":true,"showImageEffects":true,"showParticleSystems":true},"in2DMode":false,"pivot":{"x":48.743255615234378,"y":-11.937747955322266,"z":27.39006805419922},"rotation":{"x":-0.09128951281309128,"y":-0.47063854336738589,"z":0.04903349652886391,"w":-0.8762199282646179},"size":69.62749481201172,"orthographic":false}